<?xml version="1.0" encoding="UTF-8"?>
<!DOCTYPE mapper PUBLIC "-//mybatis.org//DTD Mapper 3.0//EN" "http://mybatis.org/dtd/mybatis-3-mapper.dtd">
<mapper namespace="com.bai.dao.AdminMapper">
    <select id="queryById" parameterType="Admin" resultType="Admin">
   select *from library.admin where  admin_id=#{adminId} and password=#{password}
    </select>

    <select id="getAdminName" parameterType="long" resultType="string">
        select username from library.admin where admin_id=#{adminId};
    </select>

    <select id="getReaders" resultType="ReaderInfo">
        select * from library.reader_info ;
    </select>

    <select id="getReaderById" parameterType="ReaderInfo" resultType="ReaderInfo">
        select *from library.reader_info where reader_id=#{readerId};
    </select>

    <select id="showLend" resultType="Lend">
        select * from library.lend_list;
    </select>


    <insert id="addReader" parameterType="ReaderInfo">
        insert into reader_info (reader_id,`name`,sex,birth,address,phone) values (#{readerId},#{name},#{sex},#{birth},#{address},#{phone})
    </insert>

    <delete id="delReader" parameterType="long">
        delete from library.reader_info where reader_id=#{readerId}
    </delete>

    <update id="updateReader" parameterType="ReaderInfo">
        update library.reader_info set`name`=#{name}, sex=#{sex}, birth=#{birth}, address=#{address}, phone=#{phone}
        where reader_id=#{readerId}
    </update>

    <update id="updatePassword" parameterType="Admin">
        update library.admin set password=#{password} where admin_id=#{adminId};
    </update>

    <delete id="delLend" parameterType="long">
        delete from library.lend_list where ser_num=#{serNum};
    </delete>


</mapper>