<?xml version="1.0" encoding="UTF-8"?>
<!DOCTYPE mapper PUBLIC "-//mybatis.org//DTD Mapper 3.0//EN" "http://mybatis.org/dtd/mybatis-3-mapper.dtd">
<mapper namespace="com.bai.dao.ReaderMapper">
  <select id="queryById" parameterType="Reader" resultType="Reader">
      select *from library.reader_card where reader_id=#{readerId} and password=#{password}
  </select>

    <select id="getReaderName" parameterType="long" resultType="string">
        select  username from library.reader_card where reader_id=#{readerId};
    </select>

    <insert id="addReader" parameterType="Reader">
        insert into reader_card (reader_id,username,password) values (#{readerId},#{username},#{password});
    </insert>

    <update id="updatePassword" parameterType="Reader">
        update library.reader_card set password=#{password} where reader_id=#{readerId};
    </update>

</mapper>